[
    {
        "orderid":"#OI12345",
        "date":"12/02/2019",
        "cost":550,
        "ordertracking":"In Progress"
    },
    {
        "orderid":"#OH12346",
        "date":"12/02/2019",
        "cost":750,
        "ordertracking":"Cancelled"
    },
    {
        "orderid":"#OF12347",
        "date":"12/02/2019",
        "cost":850,
        "ordertracking":"Cancelled"
    },
    {
        "orderid":"#OD15347",
        "date":"12/02/2020",
        "cost":650,
        "ordertracking":"Completed"
    },
    {
        "orderid":"#OB12387",
        "date":"12/02/2019",
        "cost":900,
        "ordertracking":"Completed"
    }
]